N,tau,maneuver,max_g,png_hit_rate,ppo_hit_rate,png_miss_mean,ppo_miss_mean
2.5,0.05,none,-,100.0,100.0,0.0,0.0
2.5,0.05,step,3,100.0,100.0,0.0,0.0
2.5,0.05,step,5,100.0,100.0,0.0,0.0
2.5,0.05,step,7,84.0,100.0,0.087,0.0
2.5,0.05,step,10,78.0,100.0,0.238,0.0
2.5,0.05,step,12,64.0,100.0,0.406,0.0
2.5,0.05,step,15,22.0,100.0,1.246,0.0
2.5,0.05,step,18,12.0,90.0,1.572,0.059
2.5,0.05,step,20,4.0,66.0,2.569,0.408
2.5,0.05,sine,3,100.0,100.0,0.0,0.0
2.5,0.05,sine,5,100.0,100.0,0.0,0.0
2.5,0.05,sine,7,98.0,94.0,0.01,0.038
2.5,0.05,sine,10,76.0,74.0,0.148,0.232
2.5,0.05,sine,12,58.0,60.0,0.289,0.459
2.5,0.05,sine,15,44.0,40.0,0.489,0.921
2.5,0.05,sine,18,36.0,28.0,0.681,1.455
2.5,0.05,sine,20,32.0,24.0,0.802,1.819
2.5,0.1,none,-,100.0,100.0,0.0,0.0
2.5,0.1,step,3,100.0,100.0,0.0,0.0
2.5,0.1,step,5,70.0,100.0,0.253,0.0
2.5,0.1,step,7,42.0,100.0,0.727,0.0
2.5,0.1,step,10,24.0,100.0,1.274,0.0
2.5,0.1,step,12,16.0,100.0,1.902,0.0
2.5,0.1,step,15,4.0,100.0,3.432,0.0
2.5,0.1,step,18,4.0,90.0,4.003,0.059
2.5,0.1,step,20,2.0,66.0,5.942,0.408
2.5,0.1,sine,3,100.0,100.0,0.0,0.0
2.5,0.1,sine,5,78.0,100.0,0.145,0.0
2.5,0.1,sine,7,44.0,94.0,0.438,0.038
2.5,0.1,sine,10,30.0,74.0,0.786,0.232
2.5,0.1,sine,12,22.0,60.0,1.01,0.459
2.5,0.1,sine,15,16.0,40.0,1.333,0.921
2.5,0.1,sine,18,20.0,28.0,1.58,1.455
2.5,0.1,sine,20,18.0,24.0,1.716,1.819
2.5,0.15,none,-,100.0,100.0,0.0,0.0
2.5,0.15,step,3,100.0,100.0,0.0,0.0
2.5,0.15,step,5,48.0,100.0,0.691,0.0
2.5,0.15,step,7,20.0,100.0,1.731,0.0
2.5,0.15,step,10,4.0,100.0,3.019,0.0
2.5,0.15,step,12,6.0,100.0,4.124,0.0
2.5,0.15,step,15,4.0,100.0,5.637,0.0
2.5,0.15,step,18,2.0,90.0,6.801,0.059
2.5,0.15,step,20,0.0,66.0,9.192,0.408
2.5,0.15,sine,3,86.0,100.0,0.09,0.0
2.5,0.15,sine,5,54.0,100.0,0.411,0.0
2.5,0.15,sine,7,38.0,94.0,0.726,0.038
2.5,0.15,sine,10,20.0,74.0,1.255,0.232
2.5,0.15,sine,12,16.0,60.0,1.539,0.459
2.5,0.15,sine,15,16.0,40.0,1.856,0.921
2.5,0.15,sine,18,14.0,28.0,2.188,1.455
2.5,0.15,sine,20,10.0,24.0,2.368,1.819
2.5,0.2,none,-,100.0,100.0,0.0,0.0
2.5,0.2,step,3,90.0,100.0,0.058,0.0
2.5,0.2,step,5,32.0,100.0,1.338,0.0
2.5,0.2,step,7,10.0,100.0,3.045,0.0
2.5,0.2,step,10,2.0,100.0,5.223,0.0
2.5,0.2,step,12,4.0,100.0,6.535,0.0
2.5,0.2,step,15,2.0,100.0,7.99,0.0
2.5,0.2,step,18,4.0,90.0,9.803,0.059
2.5,0.2,step,20,0.0,66.0,10.999,0.408
2.5,0.2,sine,3,70.0,100.0,0.217,0.0
2.5,0.2,sine,5,48.0,100.0,0.548,0.0
2.5,0.2,sine,7,30.0,94.0,0.925,0.038
2.5,0.2,sine,10,18.0,74.0,1.49,0.232
2.5,0.2,sine,12,12.0,60.0,1.858,0.459
2.5,0.2,sine,15,6.0,40.0,2.297,0.921
2.5,0.2,sine,18,8.0,28.0,2.507,1.455
2.5,0.2,sine,20,10.0,24.0,2.671,1.819
2.5,0.3,none,-,100.0,100.0,0.0,0.0
2.5,0.3,step,3,50.0,100.0,0.495,0.0
2.5,0.3,step,5,26.0,100.0,2.815,0.0
2.5,0.3,step,7,4.0,100.0,6.227,0.0
2.5,0.3,step,10,4.0,100.0,9.811,0.0
2.5,0.3,step,12,0.0,100.0,10.328,0.0
2.5,0.3,step,15,0.0,100.0,11.602,0.0
2.5,0.3,step,18,0.0,90.0,13.929,0.059
2.5,0.3,step,20,0.0,66.0,12.09,0.408
2.5,0.3,sine,3,60.0,100.0,0.341,0.0
2.5,0.3,sine,5,46.0,100.0,0.702,0.0
2.5,0.3,sine,7,30.0,94.0,1.119,0.038
2.5,0.3,sine,10,18.0,74.0,1.723,0.232
2.5,0.3,sine,12,16.0,60.0,2.115,0.459
2.5,0.3,sine,15,12.0,40.0,2.649,0.921
2.5,0.3,sine,18,12.0,28.0,2.866,1.455
2.5,0.3,sine,20,6.0,24.0,3.014,1.819
2.5,0.4,none,-,100.0,100.0,0.0,0.0
2.5,0.4,step,3,28.0,100.0,1.378,0.0
2.5,0.4,step,5,20.0,100.0,4.365,0.0
2.5,0.4,step,7,6.0,100.0,9.377,0.0
2.5,0.4,step,10,4.0,100.0,13.801,0.0
2.5,0.4,step,12,8.0,100.0,12.925,0.0
2.5,0.4,step,15,0.0,100.0,13.775,0.0
2.5,0.4,step,18,2.0,90.0,15.165,0.059
2.5,0.4,step,20,0.0,66.0,11.994,0.408
2.5,0.4,sine,3,62.0,100.0,0.355,0.0
2.5,0.4,sine,5,40.0,100.0,0.764,0.0
2.5,0.4,sine,7,32.0,94.0,1.155,0.038
2.5,0.4,sine,10,18.0,74.0,1.78,0.232
2.5,0.4,sine,12,14.0,60.0,2.164,0.459
2.5,0.4,sine,15,12.0,40.0,2.735,0.921
2.5,0.4,sine,18,8.0,28.0,3.079,1.455
2.5,0.4,sine,20,10.0,24.0,3.135,1.819
2.5,0.5,none,-,100.0,100.0,0.0,0.0
2.5,0.5,step,3,16.0,100.0,2.734,0.0
2.5,0.5,step,5,12.0,100.0,6.205,0.0
2.5,0.5,step,7,2.0,100.0,11.929,0.0
2.5,0.5,step,10,0.0,100.0,16.737,0.0
2.5,0.5,step,12,0.0,100.0,15.366,0.0
2.5,0.5,step,15,0.0,100.0,14.899,0.0
2.5,0.5,step,18,0.0,90.0,15.465,0.059
2.5,0.5,step,20,2.0,66.0,11.545,0.408
2.5,0.5,sine,3,68.0,100.0,0.335,0.0
2.5,0.5,sine,5,48.0,100.0,0.713,0.0
2.5,0.5,sine,7,32.0,94.0,1.114,0.038
2.5,0.5,sine,10,28.0,74.0,1.669,0.232
2.5,0.5,sine,12,18.0,60.0,2.066,0.459
2.5,0.5,sine,15,14.0,40.0,2.659,0.921
2.5,0.5,sine,18,8.0,28.0,3.081,1.455
2.5,0.5,sine,20,8.0,24.0,3.185,1.819
2.5,0.7,none,-,88.0,100.0,0.08,0.0
2.5,0.7,step,3,2.0,100.0,6.744,0.0
2.5,0.7,step,5,0.0,100.0,11.972,0.0
2.5,0.7,step,7,0.0,100.0,15.079,0.0
2.5,0.7,step,10,4.0,100.0,18.8,0.0
2.5,0.7,step,12,0.0,100.0,17.722,0.0
2.5,0.7,step,15,2.0,100.0,15.937,0.0
2.5,0.7,step,18,0.0,90.0,14.834,0.059
2.5,0.7,step,20,6.0,66.0,10.788,0.408
2.5,0.7,sine,3,54.0,100.0,0.444,0.0
2.5,0.7,sine,5,52.0,100.0,0.718,0.0
2.5,0.7,sine,7,38.0,94.0,1.065,0.038
2.5,0.7,sine,10,26.0,74.0,1.549,0.232
2.5,0.7,sine,12,26.0,60.0,1.855,0.459
2.5,0.7,sine,15,16.0,40.0,2.402,0.921
2.5,0.7,sine,18,6.0,28.0,2.906,1.455
2.5,0.7,sine,20,4.0,24.0,3.125,1.819
3.0,0.05,none,-,100.0,100.0,0.0,0.0
3.0,0.05,step,3,100.0,100.0,0.0,0.0
3.0,0.05,step,5,100.0,100.0,0.0,0.0
3.0,0.05,step,7,100.0,100.0,0.0,0.0
3.0,0.05,step,10,100.0,100.0,0.0,0.0
3.0,0.05,step,12,80.0,100.0,0.147,0.0
3.0,0.05,step,15,56.0,100.0,0.565,0.0
3.0,0.05,step,18,24.0,90.0,0.965,0.059
3.0,0.05,step,20,12.0,66.0,1.815,0.408
3.0,0.05,sine,3,100.0,100.0,0.0,0.0
3.0,0.05,sine,5,100.0,100.0,0.0,0.0
3.0,0.05,sine,7,100.0,94.0,0.0,0.038
3.0,0.05,sine,10,90.0,74.0,0.057,0.232
3.0,0.05,sine,12,72.0,60.0,0.18,0.459
3.0,0.05,sine,15,54.0,40.0,0.379,0.921
3.0,0.05,sine,18,44.0,28.0,0.593,1.455
3.0,0.05,sine,20,38.0,24.0,0.743,1.819
3.0,0.1,none,-,100.0,100.0,0.0,0.0
3.0,0.1,step,3,100.0,100.0,0.0,0.0
3.0,0.1,step,5,100.0,100.0,0.0,0.0
3.0,0.1,step,7,70.0,100.0,0.192,0.0
3.0,0.1,step,10,46.0,100.0,0.612,0.0
3.0,0.1,step,12,34.0,100.0,1.077,0.0
3.0,0.1,step,15,2.0,100.0,2.912,0.0
3.0,0.1,step,18,2.0,90.0,3.874,0.059
3.0,0.1,step,20,4.0,66.0,5.716,0.408
3.0,0.1,sine,3,100.0,100.0,0.0,0.0
3.0,0.1,sine,5,90.0,100.0,0.06,0.0
3.0,0.1,sine,7,46.0,94.0,0.365,0.038
3.0,0.1,sine,10,32.0,74.0,0.719,0.232
3.0,0.1,sine,12,26.0,60.0,0.958,0.459
3.0,0.1,sine,15,14.0,40.0,1.377,0.921
3.0,0.1,sine,18,8.0,28.0,1.725,1.455
3.0,0.1,sine,20,12.0,24.0,1.911,1.819
3.0,0.15,none,-,100.0,100.0,0.0,0.0
3.0,0.15,step,3,100.0,100.0,0.0,0.0
3.0,0.15,step,5,78.0,100.0,0.167,0.0
3.0,0.15,step,7,34.0,100.0,0.85,0.0
3.0,0.15,step,10,24.0,100.0,1.917,0.0
3.0,0.15,step,12,0.0,100.0,3.284,0.0
3.0,0.15,step,15,0.0,100.0,5.773,0.0
3.0,0.15,step,18,6.0,90.0,6.71,0.059
3.0,0.15,step,20,0.0,66.0,9.907,0.408
3.0,0.15,sine,3,88.0,100.0,0.07,0.0
3.0,0.15,sine,5,56.0,100.0,0.365,0.0
3.0,0.15,sine,7,28.0,94.0,0.756,0.038
3.0,0.15,sine,10,14.0,74.0,1.314,0.232
3.0,0.15,sine,12,14.0,60.0,1.607,0.459
3.0,0.15,sine,15,20.0,40.0,1.971,0.921
3.0,0.15,sine,18,10.0,28.0,2.475,1.455
3.0,0.15,sine,20,12.0,24.0,2.671,1.819
3.0,0.2,none,-,100.0,100.0,0.0,0.0
3.0,0.2,step,3,100.0,100.0,0.0,0.0
3.0,0.2,step,5,40.0,100.0,0.636,0.0
3.0,0.2,step,7,18.0,100.0,1.952,0.0
3.0,0.2,step,10,4.0,100.0,4.073,0.0
3.0,0.2,step,12,2.0,100.0,6.255,0.0
3.0,0.2,step,15,4.0,100.0,8.369,0.0
3.0,0.2,step,18,0.0,90.0,10.612,0.059
3.0,0.2,step,20,0.0,66.0,12.811,0.408
3.0,0.2,sine,3,70.0,100.0,0.205,0.0
3.0,0.2,sine,5,52.0,100.0,0.525,0.0
3.0,0.2,sine,7,28.0,94.0,0.967,0.038
3.0,0.2,sine,10,10.0,74.0,1.628,0.232
3.0,0.2,sine,12,8.0,60.0,2.043,0.459
3.0,0.2,sine,15,10.0,40.0,2.471,0.921
3.0,0.2,sine,18,10.0,28.0,2.807,1.455
3.0,0.2,sine,20,6.0,24.0,3.081,1.819
3.0,0.3,none,-,100.0,100.0,0.0,0.0
3.0,0.3,step,3,82.0,100.0,0.13,0.0
3.0,0.3,step,5,2.0,100.0,2.237,0.0
3.0,0.3,step,7,6.0,100.0,5.293,0.0
3.0,0.3,step,10,0.0,100.0,9.72,0.0
3.0,0.3,step,12,0.0,100.0,11.735,0.0
3.0,0.3,step,15,0.0,100.0,13.238,0.0
3.0,0.3,step,18,2.0,90.0,15.784,0.059
3.0,0.3,step,20,0.0,66.0,14.327,0.408
3.0,0.3,sine,3,64.0,100.0,0.33,0.0
3.0,0.3,sine,5,40.0,100.0,0.757,0.0
3.0,0.3,sine,7,22.0,94.0,1.22,0.038
3.0,0.3,sine,10,16.0,74.0,1.893,0.232
3.0,0.3,sine,12,14.0,60.0,2.358,0.459
3.0,0.3,sine,15,10.0,40.0,2.936,0.921
3.0,0.3,sine,18,10.0,28.0,3.243,1.455
3.0,0.3,sine,20,2.0,24.0,3.415,1.819
3.0,0.4,none,-,100.0,100.0,0.0,0.0
3.0,0.4,step,3,54.0,100.0,0.49,0.0
3.0,0.4,step,5,0.0,100.0,4.33,0.0
3.0,0.4,step,7,2.0,100.0,9.432,0.0
3.0,0.4,step,10,0.0,100.0,14.746,0.0
3.0,0.4,step,12,2.0,100.0,14.902,0.0
3.0,0.4,step,15,2.0,100.0,15.75,0.0
3.0,0.4,step,18,0.0,90.0,17.854,0.059
3.0,0.4,step,20,0.0,66.0,14.294,0.408
3.0,0.4,sine,3,60.0,100.0,0.402,0.0
3.0,0.4,sine,5,44.0,100.0,0.824,0.0
3.0,0.4,sine,7,30.0,94.0,1.285,0.038
3.0,0.4,sine,10,14.0,74.0,2.012,0.232
3.0,0.4,sine,12,12.0,60.0,2.471,0.459
3.0,0.4,sine,15,12.0,40.0,3.094,0.921
3.0,0.4,sine,18,10.0,28.0,3.444,1.455
3.0,0.4,sine,20,10.0,24.0,3.504,1.819
3.0,0.5,none,-,100.0,100.0,0.0,0.0
3.0,0.5,step,3,20.0,100.0,1.267,0.0
3.0,0.5,step,5,6.0,100.0,6.313,0.0
3.0,0.5,step,7,0.0,100.0,13.212,0.0
3.0,0.5,step,10,4.0,100.0,18.389,0.0
3.0,0.5,step,12,4.0,100.0,16.984,0.0
3.0,0.5,step,15,0.0,100.0,17.08,0.0
3.0,0.5,step,18,0.0,90.0,17.998,0.059
3.0,0.5,step,20,0.0,66.0,13.751,0.408
3.0,0.5,sine,3,60.0,100.0,0.409,0.0
3.0,0.5,sine,5,40.0,100.0,0.857,0.0
3.0,0.5,sine,7,28.0,94.0,1.315,0.038
3.0,0.5,sine,10,22.0,74.0,1.983,0.232
3.0,0.5,sine,12,12.0,60.0,2.462,0.459
3.0,0.5,sine,15,10.0,40.0,3.09,0.921
3.0,0.5,sine,18,8.0,28.0,3.544,1.455
3.0,0.5,sine,20,6.0,24.0,3.628,1.819
3.0,0.7,none,-,80.0,100.0,0.162,0.0
3.0,0.7,step,3,6.0,100.0,3.95,0.0
3.0,0.7,step,5,10.0,100.0,9.544,0.0
3.0,0.7,step,7,2.0,100.0,17.795,0.0
3.0,0.7,step,10,0.0,100.0,22.009,0.0
3.0,0.7,step,12,0.0,100.0,20.25,0.0
3.0,0.7,step,15,0.0,100.0,17.992,0.0
3.0,0.7,step,18,0.0,90.0,17.168,0.059
3.0,0.7,step,20,0.0,66.0,12.699,0.408
3.0,0.7,sine,3,54.0,100.0,0.475,0.0
3.0,0.7,sine,5,42.0,100.0,0.827,0.0
3.0,0.7,sine,7,34.0,94.0,1.195,0.038
3.0,0.7,sine,10,22.0,74.0,1.806,0.232
3.0,0.7,sine,12,18.0,60.0,2.217,0.459
3.0,0.7,sine,15,14.0,40.0,2.878,0.921
3.0,0.7,sine,18,10.0,28.0,3.417,1.455
3.0,0.7,sine,20,6.0,24.0,3.603,1.819
3.5,0.05,none,-,100.0,100.0,0.0,0.0
3.5,0.05,step,3,100.0,100.0,0.0,0.0
3.5,0.05,step,5,100.0,100.0,0.0,0.0
3.5,0.05,step,7,100.0,100.0,0.0,0.0
3.5,0.05,step,10,100.0,100.0,0.0,0.0
3.5,0.05,step,12,100.0,100.0,0.0,0.0
3.5,0.05,step,15,78.0,100.0,0.176,0.0
3.5,0.05,step,18,74.0,90.0,0.367,0.059
3.5,0.05,step,20,24.0,66.0,1.128,0.408
3.5,0.05,sine,3,100.0,100.0,0.0,0.0
3.5,0.05,sine,5,100.0,100.0,0.0,0.0
3.5,0.05,sine,7,100.0,94.0,0.0,0.038
3.5,0.05,sine,10,98.0,74.0,0.011,0.232
3.5,0.05,sine,12,84.0,60.0,0.102,0.459
3.5,0.05,sine,15,62.0,40.0,0.296,0.921
3.5,0.05,sine,18,42.0,28.0,0.565,1.455
3.5,0.05,sine,20,34.0,24.0,0.718,1.819
3.5,0.1,none,-,100.0,100.0,0.0,0.0
3.5,0.1,step,3,100.0,100.0,0.0,0.0
3.5,0.1,step,5,100.0,100.0,0.0,0.0
3.5,0.1,step,7,100.0,100.0,0.0,0.0
3.5,0.1,step,10,82.0,100.0,0.133,0.0
3.5,0.1,step,12,58.0,100.0,0.508,0.0
3.5,0.1,step,15,2.0,100.0,2.11,0.0
3.5,0.1,step,18,0.0,90.0,3.335,0.059
3.5,0.1,step,20,0.0,66.0,5.231,0.408
3.5,0.1,sine,3,100.0,100.0,0.0,0.0
3.5,0.1,sine,5,94.0,100.0,0.034,0.0
3.5,0.1,sine,7,58.0,94.0,0.29,0.038
3.5,0.1,sine,10,34.0,74.0,0.672,0.232
3.5,0.1,sine,12,24.0,60.0,0.955,0.459
3.5,0.1,sine,15,12.0,40.0,1.406,0.921
3.5,0.1,sine,18,8.0,28.0,1.811,1.455
3.5,0.1,sine,20,6.0,24.0,2.098,1.819
3.5,0.15,none,-,100.0,100.0,0.0,0.0
3.5,0.15,step,3,100.0,100.0,0.0,0.0
3.5,0.15,step,5,100.0,100.0,0.0,0.0
3.5,0.15,step,7,70.0,100.0,0.199,0.0
3.5,0.15,step,10,38.0,100.0,1.08,0.0
3.5,0.15,step,12,6.0,100.0,2.255,0.0
3.5,0.15,step,15,0.0,100.0,5.482,0.0
3.5,0.15,step,18,4.0,90.0,6.957,0.059
3.5,0.15,step,20,0.0,66.0,10.262,0.408
3.5,0.15,sine,3,94.0,100.0,0.031,0.0
3.5,0.15,sine,5,56.0,100.0,0.327,0.0
3.5,0.15,sine,7,22.0,94.0,0.768,0.038
3.5,0.15,sine,10,12.0,74.0,1.332,0.232
3.5,0.15,sine,12,16.0,60.0,1.651,0.459
3.5,0.15,sine,15,8.0,40.0,2.222,0.921
3.5,0.15,sine,18,4.0,28.0,2.759,1.455
3.5,0.15,sine,20,8.0,24.0,2.948,1.819
3.5,0.2,none,-,100.0,100.0,0.0,0.0
3.5,0.2,step,3,100.0,100.0,0.0,0.0
3.5,0.2,step,5,82.0,100.0,0.102,0.0
3.5,0.2,step,7,42.0,100.0,0.818,0.0
3.5,0.2,step,10,4.0,100.0,2.976,0.0
3.5,0.2,step,12,2.0,100.0,5.379,0.0
3.5,0.2,step,15,0.0,100.0,8.724,0.0
3.5,0.2,step,18,2.0,90.0,10.953,0.059
3.5,0.2,step,20,0.0,66.0,14.298,0.408
3.5,0.2,sine,3,76.0,100.0,0.157,0.0
3.5,0.2,sine,5,44.0,100.0,0.566,0.0
3.5,0.2,sine,7,24.0,94.0,1.026,0.038
3.5,0.2,sine,10,8.0,74.0,1.776,0.232
3.5,0.2,sine,12,6.0,60.0,2.213,0.459
3.5,0.2,sine,15,10.0,40.0,2.686,0.921
3.5,0.2,sine,18,4.0,28.0,3.237,1.455
3.5,0.2,sine,20,4.0,24.0,3.521,1.819
3.5,0.3,none,-,100.0,100.0,0.0,0.0
3.5,0.3,step,3,90.0,100.0,0.06,0.0
3.5,0.3,step,5,20.0,100.0,1.117,0.0
3.5,0.3,step,7,2.0,100.0,3.84,0.0
3.5,0.3,step,10,0.0,100.0,9.203,0.0
3.5,0.3,step,12,0.0,100.0,12.507,0.0
3.5,0.3,step,15,0.0,100.0,14.651,0.0
3.5,0.3,step,18,0.0,90.0,17.677,0.059
3.5,0.3,step,20,0.0,66.0,16.455,0.408
3.5,0.3,sine,3,62.0,100.0,0.333,0.0
3.5,0.3,sine,5,46.0,100.0,0.734,0.0
3.5,0.3,sine,7,26.0,94.0,1.235,0.038
3.5,0.3,sine,10,12.0,74.0,2.061,0.232
3.5,0.3,sine,12,6.0,60.0,2.607,0.459
3.5,0.3,sine,15,6.0,40.0,3.26,0.921
3.5,0.3,sine,18,8.0,28.0,3.618,1.455
3.5,0.3,sine,20,6.0,24.0,3.771,1.819
3.5,0.4,none,-,100.0,100.0,0.0,0.0
3.5,0.4,step,3,82.0,100.0,0.195,0.0
3.5,0.4,step,5,2.0,100.0,3.138,0.0
3.5,0.4,step,7,2.0,100.0,8.443,0.0
3.5,0.4,step,10,4.0,100.0,15.271,0.0
3.5,0.4,step,12,2.0,100.0,17.237,0.0
3.5,0.4,step,15,0.0,100.0,18.157,0.0
3.5,0.4,step,18,0.0,90.0,20.521,0.059
3.5,0.4,step,20,0.0,66.0,16.58,0.408
3.5,0.4,sine,3,56.0,100.0,0.442,0.0
3.5,0.4,sine,5,48.0,100.0,0.861,0.0
3.5,0.4,sine,7,30.0,94.0,1.388,0.038
3.5,0.4,sine,10,12.0,74.0,2.204,0.232
3.5,0.4,sine,12,14.0,60.0,2.716,0.459
3.5,0.4,sine,15,10.0,40.0,3.432,0.921
3.5,0.4,sine,18,12.0,28.0,3.766,1.455
3.5,0.4,sine,20,4.0,24.0,3.907,1.819
3.5,0.5,none,-,100.0,100.0,0.0,0.0
3.5,0.5,step,3,34.0,100.0,0.708,0.0
3.5,0.5,step,5,2.0,100.0,5.871,0.0
3.5,0.5,step,7,0.0,100.0,13.463,0.0
3.5,0.5,step,10,2.0,100.0,20.428,0.0
3.5,0.5,step,12,2.0,100.0,19.471,0.0
3.5,0.5,step,15,0.0,100.0,19.721,0.0
3.5,0.5,step,18,0.0,90.0,20.694,0.059
3.5,0.5,step,20,0.0,66.0,16.054,0.408
3.5,0.5,sine,3,56.0,100.0,0.482,0.0
3.5,0.5,sine,5,44.0,100.0,0.932,0.0
3.5,0.5,sine,7,26.0,94.0,1.478,0.038
3.5,0.5,sine,10,14.0,74.0,2.256,0.232
3.5,0.5,sine,12,6.0,60.0,2.788,0.459
3.5,0.5,sine,15,8.0,40.0,3.482,0.921
3.5,0.5,sine,18,8.0,28.0,3.919,1.455
3.5,0.5,sine,20,10.0,24.0,3.973,1.819
3.5,0.7,none,-,96.0,100.0,0.021,0.0
3.5,0.7,step,3,12.0,100.0,2.4,0.0
3.5,0.7,step,5,0.0,100.0,10.749,0.0
3.5,0.7,step,7,0.0,100.0,20.725,0.0
3.5,0.7,step,10,0.0,100.0,25.645,0.0
3.5,0.7,step,12,0.0,100.0,23.078,0.0
3.5,0.7,step,15,0.0,100.0,20.775,0.0
3.5,0.7,step,18,0.0,90.0,19.596,0.059
3.5,0.7,step,20,0.0,66.0,14.71,0.408
3.5,0.7,sine,3,58.0,100.0,0.441,0.0
3.5,0.7,sine,5,42.0,100.0,0.894,0.0
3.5,0.7,sine,7,28.0,94.0,1.395,0.038
3.5,0.7,sine,10,20.0,74.0,2.122,0.232
3.5,0.7,sine,12,18.0,60.0,2.588,0.459
3.5,0.7,sine,15,12.0,40.0,3.308,0.921
3.5,0.7,sine,18,10.0,28.0,3.858,1.455
3.5,0.7,sine,20,10.0,24.0,4.0,1.819
4.0,0.05,none,-,100.0,100.0,0.0,0.0
4.0,0.05,step,3,100.0,100.0,0.0,0.0
4.0,0.05,step,5,100.0,100.0,0.0,0.0
4.0,0.05,step,7,100.0,100.0,0.0,0.0
4.0,0.05,step,10,100.0,100.0,0.0,0.0
4.0,0.05,step,12,100.0,100.0,0.0,0.0
4.0,0.05,step,15,100.0,100.0,0.0,0.0
4.0,0.05,step,18,80.0,90.0,0.168,0.059
4.0,0.05,step,20,64.0,66.0,0.55,0.408
4.0,0.05,sine,3,100.0,100.0,0.0,0.0
4.0,0.05,sine,5,100.0,100.0,0.0,0.0
4.0,0.05,sine,7,100.0,94.0,0.0,0.038
4.0,0.05,sine,10,98.0,74.0,0.011,0.232
4.0,0.05,sine,12,82.0,60.0,0.108,0.459
4.0,0.05,sine,15,66.0,40.0,0.251,0.921
4.0,0.05,sine,18,50.0,28.0,0.476,1.455
4.0,0.05,sine,20,42.0,24.0,0.635,1.819
4.0,0.1,none,-,100.0,100.0,0.0,0.0
4.0,0.1,step,3,100.0,100.0,0.0,0.0
4.0,0.1,step,5,100.0,100.0,0.0,0.0
4.0,0.1,step,7,100.0,100.0,0.0,0.0
4.0,0.1,step,10,100.0,100.0,0.0,0.0
4.0,0.1,step,12,70.0,100.0,0.183,0.0
4.0,0.1,step,15,22.0,100.0,1.101,0.0
4.0,0.1,step,18,8.0,90.0,2.469,0.059
4.0,0.1,step,20,2.0,66.0,4.43,0.408
4.0,0.1,sine,3,100.0,100.0,0.0,0.0
4.0,0.1,sine,5,100.0,100.0,0.0,0.0
4.0,0.1,sine,7,62.0,94.0,0.264,0.038
4.0,0.1,sine,10,38.0,74.0,0.628,0.232
4.0,0.1,sine,12,26.0,60.0,0.935,0.459
4.0,0.1,sine,15,12.0,40.0,1.409,0.921
4.0,0.1,sine,18,8.0,28.0,1.86,1.455
4.0,0.1,sine,20,6.0,24.0,2.189,1.819
4.0,0.15,none,-,100.0,100.0,0.0,0.0
4.0,0.15,step,3,100.0,100.0,0.0,0.0
4.0,0.15,step,5,100.0,100.0,0.0,0.0
4.0,0.15,step,7,100.0,100.0,0.0,0.0
4.0,0.15,step,10,48.0,100.0,0.498,0.0
4.0,0.15,step,12,30.0,100.0,1.291,0.0
4.0,0.15,step,15,4.0,100.0,4.612,0.0
4.0,0.15,step,18,2.0,90.0,6.993,0.059
4.0,0.15,step,20,4.0,66.0,10.282,0.408
4.0,0.15,sine,3,96.0,100.0,0.021,0.0
4.0,0.15,sine,5,58.0,100.0,0.301,0.0
4.0,0.15,sine,7,20.0,94.0,0.744,0.038
4.0,0.15,sine,10,12.0,74.0,1.355,0.232
4.0,0.15,sine,12,12.0,60.0,1.747,0.459
4.0,0.15,sine,15,8.0,40.0,2.41,0.921
4.0,0.15,sine,18,6.0,28.0,2.994,1.455
4.0,0.15,sine,20,2.0,24.0,3.263,1.819
4.0,0.2,none,-,100.0,100.0,0.0,0.0
4.0,0.2,step,3,100.0,100.0,0.0,0.0
4.0,0.2,step,5,100.0,100.0,0.0,0.0
4.0,0.2,step,7,64.0,100.0,0.227,0.0
4.0,0.2,step,10,6.0,100.0,1.975,0.0
4.0,0.2,step,12,4.0,100.0,4.089,0.0
4.0,0.2,step,15,0.0,100.0,8.763,0.0
4.0,0.2,step,18,0.0,90.0,11.03,0.059
4.0,0.2,step,20,0.0,66.0,15.428,0.408
4.0,0.2,sine,3,76.0,100.0,0.153,0.0
4.0,0.2,sine,5,36.0,100.0,0.595,0.0
4.0,0.2,sine,7,18.0,94.0,1.105,0.038
4.0,0.2,sine,10,10.0,74.0,1.872,0.232
4.0,0.2,sine,12,12.0,60.0,2.339,0.459
4.0,0.2,sine,15,8.0,40.0,2.909,0.921
4.0,0.2,sine,18,4.0,28.0,3.614,1.455
4.0,0.2,sine,20,2.0,24.0,3.976,1.819
4.0,0.3,none,-,100.0,100.0,0.0,0.0
4.0,0.3,step,3,98.0,100.0,0.011,0.0
4.0,0.3,step,5,64.0,100.0,0.278,0.0
4.0,0.3,step,7,4.0,100.0,2.178,0.0
4.0,0.3,step,10,0.0,100.0,7.828,0.0
4.0,0.3,step,12,0.0,100.0,12.814,0.0
4.0,0.3,step,15,4.0,100.0,15.715,0.0
4.0,0.3,step,18,2.0,90.0,19.386,0.059
4.0,0.3,step,20,0.0,66.0,18.413,0.408
4.0,0.3,sine,3,60.0,100.0,0.337,0.0
4.0,0.3,sine,5,42.0,100.0,0.764,0.0
4.0,0.3,sine,7,24.0,94.0,1.324,0.038
4.0,0.3,sine,10,4.0,74.0,2.305,0.232
4.0,0.3,sine,12,2.0,60.0,2.919,0.459
4.0,0.3,sine,15,2.0,40.0,3.651,0.921
4.0,0.3,sine,18,4.0,28.0,4.025,1.455
4.0,0.3,sine,20,6.0,24.0,4.226,1.819
4.0,0.4,none,-,100.0,100.0,0.0,0.0
4.0,0.4,step,3,88.0,100.0,0.118,0.0
4.0,0.4,step,5,10.0,100.0,1.679,0.0
4.0,0.4,step,7,2.0,100.0,6.666,0.0
4.0,0.4,step,10,0.0,100.0,15.832,0.0
4.0,0.4,step,12,0.0,100.0,19.357,0.0
4.0,0.4,step,15,0.0,100.0,20.491,0.0
4.0,0.4,step,18,0.0,90.0,23.054,0.059
4.0,0.4,step,20,2.0,66.0,18.728,0.408
4.0,0.4,sine,3,60.0,100.0,0.418,0.0
4.0,0.4,sine,5,46.0,100.0,0.893,0.0
4.0,0.4,sine,7,26.0,94.0,1.486,0.038
4.0,0.4,sine,10,12.0,74.0,2.385,0.232
4.0,0.4,sine,12,10.0,60.0,2.979,0.459
4.0,0.4,sine,15,6.0,40.0,3.767,0.921
4.0,0.4,sine,18,14.0,28.0,4.093,1.455
4.0,0.4,sine,20,4.0,24.0,4.299,1.819
4.0,0.5,none,-,100.0,100.0,0.0,0.0
4.0,0.5,step,3,64.0,100.0,0.344,0.0
4.0,0.5,step,5,0.0,100.0,4.212,0.0
4.0,0.5,step,7,2.0,100.0,12.595,0.0
4.0,0.5,step,10,0.0,100.0,22.038,0.0
4.0,0.5,step,12,0.0,100.0,22.311,0.0
4.0,0.5,step,15,0.0,100.0,22.548,0.0
4.0,0.5,step,18,0.0,90.0,23.345,0.059
4.0,0.5,step,20,2.0,66.0,18.317,0.408
4.0,0.5,sine,3,54.0,100.0,0.523,0.0
4.0,0.5,sine,5,42.0,100.0,1.021,0.0
4.0,0.5,sine,7,26.0,94.0,1.605,0.038
4.0,0.5,sine,10,12.0,74.0,2.478,0.232
4.0,0.5,sine,12,10.0,60.0,3.039,0.459
4.0,0.5,sine,15,8.0,40.0,3.825,0.921
4.0,0.5,sine,18,8.0,28.0,4.302,1.455
4.0,0.5,sine,20,6.0,24.0,4.335,1.819
4.0,0.7,none,-,100.0,100.0,0.0,0.0
4.0,0.7,step,3,18.0,100.0,1.572,0.0
4.0,0.7,step,5,0.0,100.0,10.992,0.0
4.0,0.7,step,7,2.0,100.0,22.925,0.0
4.0,0.7,step,10,0.0,100.0,29.025,0.0
4.0,0.7,step,12,0.0,100.0,26.004,0.0
4.0,0.7,step,15,0.0,100.0,24.031,0.0
4.0,0.7,step,18,0.0,90.0,22.024,0.059
4.0,0.7,step,20,2.0,66.0,16.698,0.408
4.0,0.7,sine,3,56.0,100.0,0.536,0.0
4.0,0.7,sine,5,38.0,100.0,1.07,0.0
4.0,0.7,sine,7,24.0,94.0,1.653,0.038
4.0,0.7,sine,10,14.0,74.0,2.485,0.232
4.0,0.7,sine,12,14.0,60.0,2.976,0.459
4.0,0.7,sine,15,6.0,40.0,3.749,0.921
4.0,0.7,sine,18,8.0,28.0,4.312,1.455
4.0,0.7,sine,20,12.0,24.0,4.423,1.819
4.5,0.05,none,-,100.0,100.0,0.0,0.0
4.5,0.05,step,3,100.0,100.0,0.0,0.0
4.5,0.05,step,5,100.0,100.0,0.0,0.0
4.5,0.05,step,7,100.0,100.0,0.0,0.0
4.5,0.05,step,10,100.0,100.0,0.0,0.0
4.5,0.05,step,12,100.0,100.0,0.0,0.0
4.5,0.05,step,15,100.0,100.0,0.0,0.0
4.5,0.05,step,18,100.0,90.0,0.0,0.059
4.5,0.05,step,20,68.0,66.0,0.28,0.408
4.5,0.05,sine,3,100.0,100.0,0.0,0.0
4.5,0.05,sine,5,100.0,100.0,0.0,0.0
4.5,0.05,sine,7,100.0,94.0,0.0,0.038
4.5,0.05,sine,10,98.0,74.0,0.01,0.232
4.5,0.05,sine,12,90.0,60.0,0.057,0.459
4.5,0.05,sine,15,74.0,40.0,0.191,0.921
4.5,0.05,sine,18,52.0,28.0,0.419,1.455
4.5,0.05,sine,20,50.0,24.0,0.535,1.819
4.5,0.1,none,-,100.0,100.0,0.0,0.0
4.5,0.1,step,3,100.0,100.0,0.0,0.0
4.5,0.1,step,5,100.0,100.0,0.0,0.0
4.5,0.1,step,7,100.0,100.0,0.0,0.0
4.5,0.1,step,10,100.0,100.0,0.0,0.0
4.5,0.1,step,12,100.0,100.0,0.0,0.0
4.5,0.1,step,15,56.0,100.0,0.406,0.0
4.5,0.1,step,18,20.0,90.0,1.535,0.059
4.5,0.1,step,20,4.0,66.0,3.436,0.408
4.5,0.1,sine,3,100.0,100.0,0.0,0.0
4.5,0.1,sine,5,98.0,100.0,0.01,0.0
4.5,0.1,sine,7,66.0,94.0,0.22,0.038
4.5,0.1,sine,10,26.0,74.0,0.694,0.232
4.5,0.1,sine,12,26.0,60.0,0.938,0.459
4.5,0.1,sine,15,16.0,40.0,1.383,0.921
4.5,0.1,sine,18,8.0,28.0,1.884,1.455
4.5,0.1,sine,20,8.0,24.0,2.192,1.819
4.5,0.15,none,-,100.0,100.0,0.0,0.0
4.5,0.15,step,3,100.0,100.0,0.0,0.0
4.5,0.15,step,5,100.0,100.0,0.0,0.0
4.5,0.15,step,7,100.0,100.0,0.0,0.0
4.5,0.15,step,10,82.0,100.0,0.107,0.0
4.5,0.15,step,12,56.0,100.0,0.542,0.0
4.5,0.15,step,15,0.0,100.0,3.491,0.0
4.5,0.15,step,18,0.0,90.0,6.604,0.059
4.5,0.15,step,20,0.0,66.0,10.073,0.408
4.5,0.15,sine,3,100.0,100.0,0.0,0.0
4.5,0.15,sine,5,56.0,100.0,0.319,0.0
4.5,0.15,sine,7,36.0,94.0,0.668,0.038
4.5,0.15,sine,10,12.0,74.0,1.376,0.232
4.5,0.15,sine,12,12.0,60.0,1.837,0.459
4.5,0.15,sine,15,8.0,40.0,2.582,0.921
4.5,0.15,sine,18,0.0,28.0,3.262,1.455
4.5,0.15,sine,20,2.0,24.0,3.552,1.819
4.5,0.2,none,-,100.0,100.0,0.0,0.0
4.5,0.2,step,3,100.0,100.0,0.0,0.0
4.5,0.2,step,5,100.0,100.0,0.0,0.0
4.5,0.2,step,7,98.0,100.0,0.011,0.0
4.5,0.2,step,10,28.0,100.0,1.023,0.0
4.5,0.2,step,12,4.0,100.0,2.853,0.0
4.5,0.2,step,15,0.0,100.0,8.352,0.0
4.5,0.2,step,18,6.0,90.0,10.895,0.059
4.5,0.2,step,20,0.0,66.0,16.226,0.408
4.5,0.2,sine,3,82.0,100.0,0.117,0.0
4.5,0.2,sine,5,32.0,100.0,0.614,0.0
4.5,0.2,sine,7,10.0,94.0,1.19,0.038
4.5,0.2,sine,10,10.0,74.0,1.977,0.232
4.5,0.2,sine,12,12.0,60.0,2.488,0.459
4.5,0.2,sine,15,12.0,40.0,3.113,0.921
4.5,0.2,sine,18,0.0,28.0,3.995,1.455
4.5,0.2,sine,20,2.0,24.0,4.388,1.819
4.5,0.3,none,-,100.0,100.0,0.0,0.0
4.5,0.3,step,3,100.0,100.0,0.0,0.0
4.5,0.3,step,5,88.0,100.0,0.081,0.0
4.5,0.3,step,7,18.0,100.0,1.0,0.0
4.5,0.3,step,10,0.0,100.0,6.244,0.0
4.5,0.3,step,12,0.0,100.0,12.591,0.0
4.5,0.3,step,15,0.0,100.0,16.654,0.0
4.5,0.3,step,18,2.0,90.0,20.883,0.059
4.5,0.3,step,20,0.0,66.0,20.115,0.408
4.5,0.3,sine,3,56.0,100.0,0.353,0.0
4.5,0.3,sine,5,40.0,100.0,0.841,0.0
4.5,0.3,sine,7,18.0,94.0,1.515,0.038
4.5,0.3,sine,10,4.0,74.0,2.556,0.232
4.5,0.3,sine,12,2.0,60.0,3.225,0.459
4.5,0.3,sine,15,2.0,40.0,4.042,0.921
4.5,0.3,sine,18,4.0,28.0,4.445,1.455
4.5,0.3,sine,20,4.0,24.0,4.7,1.819
4.5,0.4,none,-,100.0,100.0,0.0,0.0
4.5,0.4,step,3,92.0,100.0,0.063,0.0
4.5,0.4,step,5,42.0,100.0,0.584,0.0
4.5,0.4,step,7,4.0,100.0,4.487,0.0
4.5,0.4,step,10,0.0,100.0,15.651,0.0
4.5,0.4,step,12,0.0,100.0,20.936,0.0
4.5,0.4,step,15,0.0,100.0,22.624,0.0
4.5,0.4,step,18,0.0,90.0,25.466,0.059
4.5,0.4,step,20,0.0,66.0,20.83,0.408
4.5,0.4,sine,3,62.0,100.0,0.411,0.0
4.5,0.4,sine,5,38.0,100.0,0.938,0.0
4.5,0.4,sine,7,20.0,94.0,1.564,0.038
4.5,0.4,sine,10,14.0,74.0,2.574,0.232
4.5,0.4,sine,12,6.0,60.0,3.265,0.459
4.5,0.4,sine,15,2.0,40.0,4.136,0.921
4.5,0.4,sine,18,6.0,28.0,4.58,1.455
4.5,0.4,sine,20,4.0,24.0,4.726,1.819
4.5,0.5,none,-,100.0,100.0,0.0,0.0
4.5,0.5,step,3,86.0,100.0,0.187,0.0
4.5,0.5,step,5,2.0,100.0,2.442,0.0
4.5,0.5,step,7,0.0,100.0,10.955,0.0
4.5,0.5,step,10,6.0,100.0,22.855,0.0
4.5,0.5,step,12,0.0,100.0,24.895,0.0
4.5,0.5,step,15,0.0,100.0,25.443,0.0
4.5,0.5,step,18,0.0,90.0,25.876,0.059
4.5,0.5,step,20,2.0,66.0,20.49,0.408
4.5,0.5,sine,3,56.0,100.0,0.512,0.0
4.5,0.5,sine,5,44.0,100.0,1.055,0.0
4.5,0.5,sine,7,24.0,94.0,1.712,0.038
4.5,0.5,sine,10,12.0,74.0,2.667,0.232
4.5,0.5,sine,12,8.0,60.0,3.318,0.459
4.5,0.5,sine,15,6.0,40.0,4.2,0.921
4.5,0.5,sine,18,8.0,28.0,4.687,1.455
4.5,0.5,sine,20,6.0,24.0,4.716,1.819
4.5,0.7,none,-,100.0,100.0,0.0,0.0
4.5,0.7,step,3,8.0,100.0,1.162,0.0
4.5,0.7,step,5,2.0,100.0,9.561,0.0
4.5,0.7,step,7,2.0,100.0,23.89,0.0
4.5,0.7,step,10,2.0,100.0,32.032,0.0
4.5,0.7,step,12,0.0,100.0,29.022,0.0
4.5,0.7,step,15,0.0,100.0,27.624,0.0
4.5,0.7,step,18,2.0,90.0,24.458,0.059
4.5,0.7,step,20,0.0,66.0,18.649,0.408
4.5,0.7,sine,3,52.0,100.0,0.626,0.0
4.5,0.7,sine,5,36.0,100.0,1.212,0.0
4.5,0.7,sine,7,20.0,94.0,1.867,0.038
4.5,0.7,sine,10,12.0,74.0,2.765,0.232
4.5,0.7,sine,12,14.0,60.0,3.306,0.459
4.5,0.7,sine,15,4.0,40.0,4.144,0.921
4.5,0.7,sine,18,4.0,28.0,4.722,1.455
4.5,0.7,sine,20,6.0,24.0,4.875,1.819
5.0,0.05,none,-,100.0,100.0,0.0,0.0
5.0,0.05,step,3,100.0,100.0,0.0,0.0
5.0,0.05,step,5,100.0,100.0,0.0,0.0
5.0,0.05,step,7,100.0,100.0,0.0,0.0
5.0,0.05,step,10,100.0,100.0,0.0,0.0
5.0,0.05,step,12,100.0,100.0,0.0,0.0
5.0,0.05,step,15,100.0,100.0,0.0,0.0
5.0,0.05,step,18,100.0,90.0,0.0,0.059
5.0,0.05,step,20,94.0,66.0,0.03,0.408
5.0,0.05,sine,3,100.0,100.0,0.0,0.0
5.0,0.05,sine,5,100.0,100.0,0.0,0.0
5.0,0.05,sine,7,100.0,94.0,0.0,0.038
5.0,0.05,sine,10,100.0,74.0,0.0,0.232
5.0,0.05,sine,12,92.0,60.0,0.047,0.459
5.0,0.05,sine,15,80.0,40.0,0.144,0.921
5.0,0.05,sine,18,62.0,28.0,0.323,1.455
5.0,0.05,sine,20,60.0,24.0,0.424,1.819
5.0,0.1,none,-,100.0,100.0,0.0,0.0
5.0,0.1,step,3,100.0,100.0,0.0,0.0
5.0,0.1,step,5,100.0,100.0,0.0,0.0
5.0,0.1,step,7,100.0,100.0,0.0,0.0
5.0,0.1,step,10,100.0,100.0,0.0,0.0
5.0,0.1,step,12,100.0,100.0,0.0,0.0
5.0,0.1,step,15,100.0,100.0,0.0,0.0
5.0,0.1,step,18,42.0,90.0,0.756,0.059
5.0,0.1,step,20,6.0,66.0,2.415,0.408
5.0,0.1,sine,3,100.0,100.0,0.0,0.0
5.0,0.1,sine,5,100.0,100.0,0.0,0.0
5.0,0.1,sine,7,72.0,94.0,0.186,0.038
5.0,0.1,sine,10,24.0,74.0,0.702,0.232
5.0,0.1,sine,12,20.0,60.0,0.942,0.459
5.0,0.1,sine,15,18.0,40.0,1.345,0.921
5.0,0.1,sine,18,10.0,28.0,1.841,1.455
5.0,0.1,sine,20,12.0,24.0,2.153,1.819
5.0,0.15,none,-,100.0,100.0,0.0,0.0
5.0,0.15,step,3,100.0,100.0,0.0,0.0
5.0,0.15,step,5,100.0,100.0,0.0,0.0
5.0,0.15,step,7,100.0,100.0,0.0,0.0
5.0,0.15,step,10,100.0,100.0,0.0,0.0
5.0,0.15,step,12,88.0,100.0,0.096,0.0
5.0,0.15,step,15,10.0,100.0,2.082,0.0
5.0,0.15,step,18,0.0,90.0,5.845,0.059
5.0,0.15,step,20,4.0,66.0,9.502,0.408
5.0,0.15,sine,3,100.0,100.0,0.0,0.0
5.0,0.15,sine,5,56.0,100.0,0.317,0.0
5.0,0.15,sine,7,34.0,94.0,0.704,0.038
5.0,0.15,sine,10,16.0,74.0,1.385,0.232
5.0,0.15,sine,12,10.0,60.0,1.914,0.459
5.0,0.15,sine,15,10.0,40.0,2.722,0.921
5.0,0.15,sine,18,2.0,28.0,3.471,1.455
5.0,0.15,sine,20,4.0,24.0,3.809,1.819
5.0,0.2,none,-,100.0,100.0,0.0,0.0
5.0,0.2,step,3,100.0,100.0,0.0,0.0
5.0,0.2,step,5,100.0,100.0,0.0,0.0
5.0,0.2,step,7,100.0,100.0,0.0,0.0
5.0,0.2,step,10,64.0,100.0,0.353,0.0
5.0,0.2,step,12,12.0,100.0,1.62,0.0
5.0,0.2,step,15,0.0,100.0,7.494,0.0
5.0,0.2,step,18,2.0,90.0,10.82,0.059
5.0,0.2,step,20,0.0,66.0,16.721,0.408
5.0,0.2,sine,3,86.0,100.0,0.095,0.0
5.0,0.2,sine,5,30.0,100.0,0.63,0.0
5.0,0.2,sine,7,14.0,94.0,1.203,0.038
5.0,0.2,sine,10,8.0,74.0,2.087,0.232
5.0,0.2,sine,12,10.0,60.0,2.619,0.459
5.0,0.2,sine,15,8.0,40.0,3.379,0.921
5.0,0.2,sine,18,0.0,28.0,4.339,1.455
5.0,0.2,sine,20,2.0,24.0,4.78,1.819
5.0,0.3,none,-,100.0,100.0,0.0,0.0
5.0,0.3,step,3,100.0,100.0,0.0,0.0
5.0,0.3,step,5,98.0,100.0,0.011,0.0
5.0,0.3,step,7,58.0,100.0,0.39,0.0
5.0,0.3,step,10,4.0,100.0,4.793,0.0
5.0,0.3,step,12,0.0,100.0,11.493,0.0
5.0,0.3,step,15,0.0,100.0,17.259,0.0
5.0,0.3,step,18,0.0,90.0,22.193,0.059
5.0,0.3,step,20,2.0,66.0,21.56,0.408
5.0,0.3,sine,3,56.0,100.0,0.355,0.0
5.0,0.3,sine,5,34.0,100.0,0.935,0.0
5.0,0.3,sine,7,8.0,94.0,1.713,0.038
5.0,0.3,sine,10,4.0,74.0,2.819,0.232
5.0,0.3,sine,12,2.0,60.0,3.548,0.459
5.0,0.3,sine,15,4.0,40.0,4.417,0.921
5.0,0.3,sine,18,2.0,28.0,4.904,1.455
5.0,0.3,sine,20,4.0,24.0,5.158,1.819
5.0,0.4,none,-,100.0,100.0,0.0,0.0
5.0,0.4,step,3,98.0,100.0,0.016,0.0
5.0,0.4,step,5,76.0,100.0,0.258,0.0
5.0,0.4,step,7,4.0,100.0,2.636,0.0
5.0,0.4,step,10,2.0,100.0,14.565,0.0
5.0,0.4,step,12,0.0,100.0,21.915,0.0
5.0,0.4,step,15,0.0,100.0,24.521,0.0
5.0,0.4,step,18,0.0,90.0,27.744,0.059
5.0,0.4,step,20,0.0,66.0,22.698,0.408
5.0,0.4,sine,3,54.0,100.0,0.449,0.0
5.0,0.4,sine,5,36.0,100.0,0.999,0.0
5.0,0.4,sine,7,24.0,94.0,1.621,0.038
5.0,0.4,sine,10,4.0,74.0,2.822,0.232
5.0,0.4,sine,12,4.0,60.0,3.572,0.459
5.0,0.4,sine,15,4.0,40.0,4.49,0.921
5.0,0.4,sine,18,6.0,28.0,5.069,1.455
5.0,0.4,sine,20,6.0,24.0,5.206,1.819
5.0,0.5,none,-,100.0,100.0,0.0,0.0
5.0,0.5,step,3,90.0,100.0,0.119,0.0
5.0,0.5,step,5,16.0,100.0,1.105,0.0
5.0,0.5,step,7,0.0,100.0,8.323,0.0
5.0,0.5,step,10,0.0,100.0,23.789,0.0
5.0,0.5,step,12,0.0,100.0,27.111,0.0
5.0,0.5,step,15,0.0,100.0,28.283,0.0
5.0,0.5,step,18,2.0,90.0,28.313,0.059
5.0,0.5,step,20,2.0,66.0,22.415,0.408
5.0,0.5,sine,3,58.0,100.0,0.49,0.0
5.0,0.5,sine,5,38.0,100.0,1.097,0.0
5.0,0.5,sine,7,22.0,94.0,1.801,0.038
5.0,0.5,sine,10,8.0,74.0,2.879,0.232
5.0,0.5,sine,12,10.0,60.0,3.603,0.459
5.0,0.5,sine,15,6.0,40.0,4.57,0.921
5.0,0.5,sine,18,8.0,28.0,5.086,1.455
5.0,0.5,sine,20,8.0,24.0,5.139,1.819
5.0,0.7,none,-,100.0,100.0,0.0,0.0
5.0,0.7,step,3,38.0,100.0,0.858,0.0
5.0,0.7,step,5,2.0,100.0,7.249,0.0
5.0,0.7,step,7,0.0,100.0,23.874,0.0
5.0,0.7,step,10,2.0,100.0,34.842,0.0
5.0,0.7,step,12,2.0,100.0,31.894,0.0
5.0,0.7,step,15,0.0,100.0,31.22,0.0
5.0,0.7,step,18,2.0,90.0,26.846,0.059
5.0,0.7,step,20,2.0,66.0,20.442,0.408
5.0,0.7,sine,3,56.0,100.0,0.64,0.0
5.0,0.7,sine,5,38.0,100.0,1.288,0.0
5.0,0.7,sine,7,22.0,94.0,1.997,0.038
5.0,0.7,sine,10,10.0,74.0,2.997,0.232
5.0,0.7,sine,12,8.0,60.0,3.597,0.459
5.0,0.7,sine,15,6.0,40.0,4.497,0.921
5.0,0.7,sine,18,6.0,28.0,5.122,1.455
5.0,0.7,sine,20,6.0,24.0,5.276,1.819
5.5,0.05,none,-,100.0,100.0,0.0,0.0
5.5,0.05,step,3,100.0,100.0,0.0,0.0
5.5,0.05,step,5,100.0,100.0,0.0,0.0
5.5,0.05,step,7,100.0,100.0,0.0,0.0
5.5,0.05,step,10,100.0,100.0,0.0,0.0
5.5,0.05,step,12,100.0,100.0,0.0,0.0
5.5,0.05,step,15,100.0,100.0,0.0,0.0
5.5,0.05,step,18,100.0,90.0,0.0,0.059
5.5,0.05,step,20,100.0,66.0,0.0,0.408
5.5,0.05,sine,3,100.0,100.0,0.0,0.0
5.5,0.05,sine,5,100.0,100.0,0.0,0.0
5.5,0.05,sine,7,100.0,94.0,0.0,0.038
5.5,0.05,sine,10,100.0,74.0,0.0,0.232
5.5,0.05,sine,12,94.0,60.0,0.034,0.459
5.5,0.05,sine,15,84.0,40.0,0.112,0.921
5.5,0.05,sine,18,72.0,28.0,0.238,1.455
5.5,0.05,sine,20,66.0,24.0,0.347,1.819
5.5,0.1,none,-,100.0,100.0,0.0,0.0
5.5,0.1,step,3,100.0,100.0,0.0,0.0
5.5,0.1,step,5,100.0,100.0,0.0,0.0
5.5,0.1,step,7,100.0,100.0,0.0,0.0
5.5,0.1,step,10,100.0,100.0,0.0,0.0
5.5,0.1,step,12,100.0,100.0,0.0,0.0
5.5,0.1,step,15,100.0,100.0,0.0,0.0
5.5,0.1,step,18,72.0,90.0,0.269,0.059
5.5,0.1,step,20,28.0,66.0,1.469,0.408
5.5,0.1,sine,3,100.0,100.0,0.0,0.0
5.5,0.1,sine,5,100.0,100.0,0.0,0.0
5.5,0.1,sine,7,66.0,94.0,0.216,0.038
5.5,0.1,sine,10,30.0,74.0,0.644,0.232
5.5,0.1,sine,12,30.0,60.0,0.872,0.459
5.5,0.1,sine,15,20.0,40.0,1.295,0.921
5.5,0.1,sine,18,20.0,28.0,1.738,1.455
5.5,0.1,sine,20,18.0,24.0,2.089,1.819
5.5,0.15,none,-,100.0,100.0,0.0,0.0
5.5,0.15,step,3,100.0,100.0,0.0,0.0
5.5,0.15,step,5,100.0,100.0,0.0,0.0
5.5,0.15,step,7,100.0,100.0,0.0,0.0
5.5,0.15,step,10,100.0,100.0,0.0,0.0
5.5,0.15,step,12,96.0,100.0,0.021,0.0
5.5,0.15,step,15,38.0,100.0,0.931,0.0
5.5,0.15,step,18,2.0,90.0,4.742,0.059
5.5,0.15,step,20,4.0,66.0,8.76,0.408
5.5,0.15,sine,3,100.0,100.0,0.0,0.0
5.5,0.15,sine,5,56.0,100.0,0.325,0.0
5.5,0.15,sine,7,32.0,94.0,0.73,0.038
5.5,0.15,sine,10,14.0,74.0,1.432,0.232
5.5,0.15,sine,12,12.0,60.0,2.004,0.459
5.5,0.15,sine,15,14.0,40.0,2.827,0.921
5.5,0.15,sine,18,0.0,28.0,3.682,1.455
5.5,0.15,sine,20,4.0,24.0,4.041,1.819
5.5,0.2,none,-,100.0,100.0,0.0,0.0
5.5,0.2,step,3,100.0,100.0,0.0,0.0
5.5,0.2,step,5,100.0,100.0,0.0,0.0
5.5,0.2,step,7,100.0,100.0,0.0,0.0
5.5,0.2,step,10,80.0,100.0,0.154,0.0
5.5,0.2,step,12,46.0,100.0,0.623,0.0
5.5,0.2,step,15,4.0,100.0,6.12,0.0
5.5,0.2,step,18,10.0,90.0,10.637,0.059
5.5,0.2,step,20,0.0,66.0,16.978,0.408
5.5,0.2,sine,3,80.0,100.0,0.122,0.0
5.5,0.2,sine,5,26.0,100.0,0.673,0.0
5.5,0.2,sine,7,14.0,94.0,1.249,0.038
5.5,0.2,sine,10,12.0,74.0,2.181,0.232
5.5,0.2,sine,12,12.0,60.0,2.755,0.459
5.5,0.2,sine,15,6.0,40.0,3.62,0.921
5.5,0.2,sine,18,0.0,28.0,4.67,1.455
5.5,0.2,sine,20,0.0,24.0,5.15,1.819
5.5,0.3,none,-,100.0,100.0,0.0,0.0
5.5,0.3,step,3,100.0,100.0,0.0,0.0
5.5,0.3,step,5,100.0,100.0,0.0,0.0
5.5,0.3,step,7,70.0,100.0,0.245,0.0
5.5,0.3,step,10,4.0,100.0,3.372,0.0
5.5,0.3,step,12,0.0,100.0,9.905,0.0
5.5,0.3,step,15,0.0,100.0,17.46,0.0
5.5,0.3,step,18,0.0,90.0,23.296,0.059
5.5,0.3,step,20,0.0,66.0,22.766,0.408
5.5,0.3,sine,3,56.0,100.0,0.366,0.0
5.5,0.3,sine,5,34.0,100.0,0.982,0.0
5.5,0.3,sine,7,6.0,94.0,1.866,0.038
5.5,0.3,sine,10,2.0,74.0,3.101,0.232
5.5,0.3,sine,12,2.0,60.0,3.868,0.459
5.5,0.3,sine,15,4.0,40.0,4.834,0.921
5.5,0.3,sine,18,2.0,28.0,5.396,1.455
5.5,0.3,sine,20,2.0,24.0,5.67,1.819
5.5,0.4,none,-,100.0,100.0,0.0,0.0
5.5,0.4,step,3,98.0,100.0,0.013,0.0
5.5,0.4,step,5,74.0,100.0,0.218,0.0
5.5,0.4,step,7,22.0,100.0,1.371,0.0
5.5,0.4,step,10,0.0,100.0,12.825,0.0
5.5,0.4,step,12,0.0,100.0,22.343,0.0
5.5,0.4,step,15,2.0,100.0,26.183,0.0
5.5,0.4,step,18,0.0,90.0,29.744,0.059
5.5,0.4,step,20,0.0,66.0,24.163,0.408
5.5,0.4,sine,3,54.0,100.0,0.455,0.0
5.5,0.4,sine,5,32.0,100.0,1.094,0.0
5.5,0.4,sine,7,20.0,94.0,1.807,0.038
5.5,0.4,sine,10,2.0,74.0,3.083,0.232
5.5,0.4,sine,12,4.0,60.0,3.891,0.459
5.5,0.4,sine,15,2.0,40.0,4.979,0.921
5.5,0.4,sine,18,2.0,28.0,5.641,1.455
5.5,0.4,sine,20,6.0,24.0,5.751,1.819
5.5,0.5,none,-,100.0,100.0,0.0,0.0
5.5,0.5,step,3,94.0,100.0,0.06,0.0
5.5,0.5,step,5,64.0,100.0,0.551,0.0
5.5,0.5,step,7,0.0,100.0,5.741,0.0
5.5,0.5,step,10,0.0,100.0,24.255,0.0
5.5,0.5,step,12,4.0,100.0,28.984,0.0
5.5,0.5,step,15,0.0,100.0,30.885,0.0
5.5,0.5,step,18,2.0,90.0,30.655,0.059
5.5,0.5,step,20,0.0,66.0,24.085,0.408
5.5,0.5,sine,3,60.0,100.0,0.483,0.0
5.5,0.5,sine,5,36.0,100.0,1.122,0.0
5.5,0.5,sine,7,22.0,94.0,1.876,0.038
5.5,0.5,sine,10,10.0,74.0,3.088,0.232
5.5,0.5,sine,12,4.0,60.0,3.933,0.459
5.5,0.5,sine,15,4.0,40.0,4.965,0.921
5.5,0.5,sine,18,6.0,28.0,5.508,1.455
5.5,0.5,sine,20,8.0,24.0,5.635,1.819
5.5,0.7,none,-,100.0,100.0,0.0,0.0
5.5,0.7,step,3,46.0,100.0,0.707,0.0
5.5,0.7,step,5,0.0,100.0,4.96,0.0
5.5,0.7,step,7,0.0,100.0,23.11,0.0
5.5,0.7,step,10,0.0,100.0,37.406,0.0
5.5,0.7,step,12,2.0,100.0,34.622,0.0
5.5,0.7,step,15,0.0,100.0,34.641,0.0
5.5,0.7,step,18,0.0,90.0,28.895,0.059
5.5,0.7,step,20,0.0,66.0,22.156,0.408
5.5,0.7,sine,3,54.0,100.0,0.651,0.0
5.5,0.7,sine,5,40.0,100.0,1.316,0.0
5.5,0.7,sine,7,26.0,94.0,2.067,0.038
5.5,0.7,sine,10,10.0,74.0,3.177,0.232
5.5,0.7,sine,12,8.0,60.0,3.844,0.459
5.5,0.7,sine,15,4.0,40.0,4.825,0.921
5.5,0.7,sine,18,8.0,28.0,5.499,1.455
5.5,0.7,sine,20,6.0,24.0,5.657,1.819
6.0,0.05,none,-,100.0,100.0,0.0,0.0
6.0,0.05,step,3,100.0,100.0,0.0,0.0
6.0,0.05,step,5,100.0,100.0,0.0,0.0
6.0,0.05,step,7,100.0,100.0,0.0,0.0
6.0,0.05,step,10,100.0,100.0,0.0,0.0
6.0,0.05,step,12,100.0,100.0,0.0,0.0
6.0,0.05,step,15,100.0,100.0,0.0,0.0
6.0,0.05,step,18,100.0,90.0,0.0,0.059
6.0,0.05,step,20,100.0,66.0,0.0,0.408
6.0,0.05,sine,3,100.0,100.0,0.0,0.0
6.0,0.05,sine,5,100.0,100.0,0.0,0.0
6.0,0.05,sine,7,100.0,94.0,0.0,0.038
6.0,0.05,sine,10,100.0,74.0,0.0,0.232
6.0,0.05,sine,12,100.0,60.0,0.0,0.459
6.0,0.05,sine,15,86.0,40.0,0.097,0.921
6.0,0.05,sine,18,82.0,28.0,0.169,1.455
6.0,0.05,sine,20,74.0,24.0,0.269,1.819
6.0,0.1,none,-,100.0,100.0,0.0,0.0
6.0,0.1,step,3,100.0,100.0,0.0,0.0
6.0,0.1,step,5,100.0,100.0,0.0,0.0
6.0,0.1,step,7,100.0,100.0,0.0,0.0
6.0,0.1,step,10,100.0,100.0,0.0,0.0
6.0,0.1,step,12,100.0,100.0,0.0,0.0
6.0,0.1,step,15,100.0,100.0,0.0,0.0
6.0,0.1,step,18,98.0,90.0,0.01,0.059
6.0,0.1,step,20,40.0,66.0,0.876,0.408
6.0,0.1,sine,3,100.0,100.0,0.0,0.0
6.0,0.1,sine,5,100.0,100.0,0.0,0.0
6.0,0.1,sine,7,68.0,94.0,0.209,0.038
6.0,0.1,sine,10,34.0,74.0,0.618,0.232
6.0,0.1,sine,12,36.0,60.0,0.825,0.459
6.0,0.1,sine,15,26.0,40.0,1.231,0.921
6.0,0.1,sine,18,22.0,28.0,1.684,1.455
6.0,0.1,sine,20,18.0,24.0,2.054,1.819
6.0,0.15,none,-,100.0,100.0,0.0,0.0
6.0,0.15,step,3,100.0,100.0,0.0,0.0
6.0,0.15,step,5,100.0,100.0,0.0,0.0
6.0,0.15,step,7,100.0,100.0,0.0,0.0
6.0,0.15,step,10,100.0,100.0,0.0,0.0
6.0,0.15,step,12,100.0,100.0,0.0,0.0
6.0,0.15,step,15,58.0,100.0,0.365,0.0
6.0,0.15,step,18,2.0,90.0,3.489,0.059
6.0,0.15,step,20,0.0,66.0,7.901,0.408
6.0,0.15,sine,3,98.0,100.0,0.01,0.0
6.0,0.15,sine,5,52.0,100.0,0.345,0.0
6.0,0.15,sine,7,22.0,94.0,0.817,0.038
6.0,0.15,sine,10,18.0,74.0,1.462,0.232
6.0,0.15,sine,12,12.0,60.0,2.067,0.459
6.0,0.15,sine,15,10.0,40.0,2.972,0.921
6.0,0.15,sine,18,4.0,28.0,3.82,1.455
6.0,0.15,sine,20,4.0,24.0,4.21,1.819
6.0,0.2,none,-,100.0,100.0,0.0,0.0
6.0,0.2,step,3,100.0,100.0,0.0,0.0
6.0,0.2,step,5,100.0,100.0,0.0,0.0
6.0,0.2,step,7,100.0,100.0,0.0,0.0
6.0,0.2,step,10,96.0,100.0,0.021,0.0
6.0,0.2,step,12,72.0,100.0,0.267,0.0
6.0,0.2,step,15,0.0,100.0,4.575,0.0
6.0,0.2,step,18,2.0,90.0,10.594,0.059
6.0,0.2,step,20,0.0,66.0,16.994,0.408
6.0,0.2,sine,3,74.0,100.0,0.149,0.0
6.0,0.2,sine,5,32.0,100.0,0.655,0.0
6.0,0.2,sine,7,10.0,94.0,1.31,0.038
6.0,0.2,sine,10,6.0,74.0,2.33,0.232
6.0,0.2,sine,12,6.0,60.0,2.939,0.459
6.0,0.2,sine,15,8.0,40.0,3.829,0.921
6.0,0.2,sine,18,2.0,28.0,4.947,1.455
6.0,0.2,sine,20,0.0,24.0,5.494,1.819
6.0,0.3,none,-,100.0,100.0,0.0,0.0
6.0,0.3,step,3,100.0,100.0,0.0,0.0
6.0,0.3,step,5,100.0,100.0,0.0,0.0
6.0,0.3,step,7,78.0,100.0,0.14,0.0
6.0,0.3,step,10,20.0,100.0,1.867,0.0
6.0,0.3,step,12,2.0,100.0,7.7,0.0
6.0,0.3,step,15,2.0,100.0,17.333,0.0
6.0,0.3,step,18,0.0,90.0,24.158,0.059
6.0,0.3,step,20,0.0,66.0,23.706,0.408
6.0,0.3,sine,3,62.0,100.0,0.342,0.0
6.0,0.3,sine,5,24.0,100.0,1.087,0.0
6.0,0.3,sine,7,6.0,94.0,1.996,0.038
6.0,0.3,sine,10,2.0,74.0,3.375,0.232
6.0,0.3,sine,12,4.0,60.0,4.171,0.459
6.0,0.3,sine,15,4.0,40.0,5.273,0.921
6.0,0.3,sine,18,4.0,28.0,5.859,1.455
6.0,0.3,sine,20,2.0,24.0,6.139,1.819
6.0,0.4,none,-,100.0,100.0,0.0,0.0
6.0,0.4,step,3,100.0,100.0,0.0,0.0
6.0,0.4,step,5,84.0,100.0,0.099,0.0
6.0,0.4,step,7,36.0,100.0,0.961,0.0
6.0,0.4,step,10,0.0,100.0,10.605,0.0
6.0,0.4,step,12,0.0,100.0,22.257,0.0
6.0,0.4,step,15,0.0,100.0,27.611,0.0
6.0,0.4,step,18,0.0,90.0,31.456,0.059
6.0,0.4,step,20,2.0,66.0,25.323,0.408
6.0,0.4,sine,3,54.0,100.0,0.483,0.0
6.0,0.4,sine,5,24.0,100.0,1.223,0.0
6.0,0.4,sine,7,18.0,94.0,2.015,0.038
6.0,0.4,sine,10,2.0,74.0,3.419,0.232
6.0,0.4,sine,12,2.0,60.0,4.319,0.459
6.0,0.4,sine,15,2.0,40.0,5.467,0.921
6.0,0.4,sine,18,4.0,28.0,6.188,1.455
6.0,0.4,sine,20,6.0,24.0,6.305,1.819
6.0,0.5,none,-,100.0,100.0,0.0,0.0
6.0,0.5,step,3,98.0,100.0,0.021,0.0
6.0,0.5,step,5,60.0,100.0,0.508,0.0
6.0,0.5,step,7,2.0,100.0,3.717,0.0
6.0,0.5,step,10,2.0,100.0,23.954,0.0
6.0,0.5,step,12,0.0,100.0,30.737,0.0
6.0,0.5,step,15,0.0,100.0,33.168,0.0
6.0,0.5,step,18,0.0,90.0,32.729,0.059
6.0,0.5,step,20,2.0,66.0,25.442,0.408
6.0,0.5,sine,3,54.0,100.0,0.521,0.0
6.0,0.5,sine,5,34.0,100.0,1.176,0.0
6.0,0.5,sine,7,18.0,94.0,1.967,0.038
6.0,0.5,sine,10,8.0,74.0,3.312,0.232
6.0,0.5,sine,12,2.0,60.0,4.253,0.459
6.0,0.5,sine,15,2.0,40.0,5.348,0.921
6.0,0.5,sine,18,8.0,28.0,5.948,1.455
6.0,0.5,sine,20,6.0,24.0,6.175,1.819
6.0,0.7,none,-,100.0,100.0,0.0,0.0
6.0,0.7,step,3,66.0,100.0,0.475,0.0
6.0,0.7,step,5,4.0,100.0,2.989,0.0
6.0,0.7,step,7,4.0,100.0,21.027,0.0
6.0,0.7,step,10,0.0,100.0,39.644,0.0
6.0,0.7,step,12,2.0,100.0,37.2,0.0
6.0,0.7,step,15,0.0,100.0,37.877,0.0
6.0,0.7,step,18,0.0,90.0,30.766,0.059
6.0,0.7,step,20,0.0,66.0,23.669,0.408
6.0,0.7,sine,3,52.0,100.0,0.644,0.0
6.0,0.7,sine,5,38.0,100.0,1.351,0.0
6.0,0.7,sine,7,24.0,94.0,2.165,0.038
6.0,0.7,sine,10,12.0,74.0,3.348,0.232
6.0,0.7,sine,12,6.0,60.0,4.08,0.459
6.0,0.7,sine,15,4.0,40.0,5.167,0.921
6.0,0.7,sine,18,6.0,28.0,5.894,1.455
6.0,0.7,sine,20,6.0,24.0,5.999,1.819
